name,grade
Joe,77.0
Jihuan,67.60000000000001
Ali,93.60000000000001
Frances,63.7
Daniela V,75.0
Mostafa,58.5
Daniela P,100.0
Cesar,83.2
Jarrod,72.8
Austin,53.300000000000004
Jack,76.0
Ala,92.3
Sergii,59.800000000000004
Miles,84.5
Hyeyun,65.0
Volodymyr,78.0
Yijia,75.4
Hsin-Yun,84.0
Renata,66.3
Max,88.4
Joshua,89.7
David,70.2
Wally,65.0
